streams,ID
141381703,"Latto, Jung KookSeven (feat. Latto) (Explicit Ver.)"
133716286,Myke TowersLALA
140003974,Olivia Rodrigovampire
800840817,Taylor SwiftCruel Summer
303236322,Bad BunnyWHERE SHE GOES
183706234,"Dave, Central CeeSprinter"
725980112,"Eslabon Armado, Peso PlumaElla Baila Sola"
58149378,QuevedoColumbia
95217315,Gunnafukumean
553634067,"Peso Pluma, Yng LvcasLa Bebe - Remix"
505671438,"Bad Bunny, Grupo Fronteraun x100to"
58255150,NewJeansSuper Shy
1316855716,Miley CyrusFlowers
387570742,David KushnerDaylight
2513188493,Harry StylesAs It Was
1163093654,SZAKill Bill
496795686,Fifty FiftyCupid - Twin Ver.
30546883,"Billie EilishWhat Was I Made For? [From The Motion Picture ""Barbie""]"
335222234,"Feid, Young MikoClassy 101"
363369738,JiminLike Crazy
86444842,"Gabito Ballesteros, Junior H, Peso PlumaLADY GAGA"
52135248,Taylor SwiftI Can See You (Taylorï¿½ï¿½ï¿½s Version) (From The
1297026226,Arctic MonkeysI Wanna Be Yours
200647221,"Bizarrap, Peso PlumaPeso Pluma: Bzrp Music Sessions, Vol. 55"
115364561,"The Weeknd, Madonna, Playboi CartiPopular (with Playboi Carti & Madonna) - The Idol Vol. 1 (Music from the HBO Original Series)"
78300654,Fuerza RegidaSABOR FRESA
899183384,"Rï¿½ï¿½ma, Selena GCalm Down (with Selena Gomez)"
61245289,"Tainy, Bad BunnyMOJABI GHOST"
429829812,Morgan WallenLast Night
127408954,Dua LipaDance The Night (From Barbie The Album)
22581161,Troye SivanRush
52294266,"Peso Pluma, Grupo FronteraTULUM"
843957510,"The Weeknd, 21 Savage, Metro BoominCreepin'"
999748277,Taylor SwiftAnti-Hero
618990393,"Karol G, ShakiraTQG"
123122413,"Big One, Duki, Lit Killah, Maria Becerra, FMK, Rusherking, Emilia, Tiago pzkLos del Espacio"
188933502,"Yahritza Y Su Esencia, Grupo FronteraFrï¿½ï¿½gil (feat. Grupo Front"
1355959075,Taylor SwiftBlank Space
786181836,Taylor SwiftStyle
176553476,Fuerza RegidaTQM
354495408,"Junior H, Peso PlumaEl Azul"
2808096550,"Post Malone, Swae LeeSunflower - Spider-Man: Into the Spider-Verse"
1109433169,"Bebe Rexha, David GuettaI'm Good (Blue)"
1047101291,"Tyler, The Creator, Kali UchisSee You Again"
65156199,"Nicki Minaj, Aqua, Ice SpiceBarbie World (with Aqua) [From Barbie The Album]"
570515054,Miley CyrusAngels Like You
1085685420,OneRepublicI Ain't Worried
1647990401,The WeekndDie For You
2565529693,"The Weeknd, Daft PunkStarboy"
518745108,"Ariana Grande, The WeekndDie For You - Remix"
107753850,"Feid, Myke Towers, Sky RompiendoEl Cielo"
177740666,"David Guetta, Anne-Marie, Coi LerayBaby Don't Hurt Me"
153372011,Karol GAMARGURA
57876440,Peggy Gou(It Goes Like) Nanana - Edit
1813673666,Tom OdellAnother Love
3703895074,The WeekndBlinding Lights
256483385,Kali UchisMoonlight
1214083358,Manuel TurizoLa Bachata
16011326,Karol GS91
812019557,Taylor Swiftcardigan
111947664,"dennis, MC Kevin o ChrisTï¿½ï¿"
156338624,"PinkPantheress, Ice SpiceBoy's a liar Pt. 2"
720434240,"Charlie Puth, BTS, Jung KookLeft and Right (Feat. Jung Kook of BTS)"
357925728,"Rauw Alejandro, ROSALï¿½BESO"
674072710,"Ozuna, FeidHey Mor"
1755214421,Chris MolitorYellow
404562836,Taylor SwiftKarma
373199958,LibiancaPeople
14780425,Post MaloneOverdrive
39578178,Taylor SwiftEnchanted (Taylor's Version)
54266102,"Rauw Alejandro, BizarrapBABY HELLO"
2557975762,Glass AnimalsHeat Waves
751134527,JVKEgolden hour
2282771485,The NeighbourhoodSweater Weather
1356565093,"Bizarrap, QuevedoQuevedo: Bzrp Music Sessions, Vol. 52"
1592909789,ColdplayViva La Vida
635412045,d4vdHere With Me
1230675890,"Sam Smith, Kim PetrasUnholy (feat. Kim Petras)"
585695368,"Yandel, FeidYandel 150"
43857627,Maria BecerraCORAZï¿½ï¿½N VA
2009094673,Vance JoyRiptide
600976848,"Em Beihold, Stephen SanchezUntil I Found You (with Em Beihold) - Em Beihold Version"
39709092,"Mc Livinho, DJ Matt DNovidade na ï¿½ï¿"
39228929,Taylor SwiftBack To December (Taylor's Version)
2665343922,"Justin Bieber, The Kid LaroiSTAY (with Justin Bieber)"
223633238,"Marshmello, Manuel TurizoEl Merengue"
2887241814,Lewis CapaldiSomeone You Loved
1440757818,"Chencho Corleone, Bad BunnyMe Porto Bonito"
165484133,JainMakeba
58054811,"Ayparia, unxbectedMONTAGEM - FR PUNK"
157058870,Luke CombsFast Car
95131998,DoechiiWhat It Is (Solo Version)
250305248,"Bad Bunny, Eladio CarrionCoco Chanel"
685032533,Taylor SwiftDonï¿½ï¿½ï¿½t Bl
38411956,Jung KookStill With You
144565150,"J. Cole, Lil DurkAll My Life (feat. J. Cole)"
127567540,Lana Del ReySay Yes To Heaven
399686758,SZASnooze
983637508,Lana Del ReySummertime Sadness
118482347,BTSTake Two
882831184,Taylor SwiftLover
286400165,"Future, Metro Boomin, Don ToliverToo Many Nights (feat. Don Toliver & with Future)"
172825906,Post MaloneChemical
1241559043,EminemMockingbird
29562220,NewJeansNew Jeans
77309611,Carin LeonPrimera Cita
1605224506,"Dua Lipa, Elton John, PnauCold Heart - PNAU Remix"
1116995633,Ruth B.Dandelions
838079900,Imagine DragonsBones
1163620694,AdeleSet Fire to the Rain
1093605526,"Kendrick Lamar, Jay RockMoney Trees"
179659294,Anggi MaritoTak Segampang Itu
39058561,"Jasiel Nuï¿½ï¿½ez, Peso PLAGUNAS"
36912123,Taylor SwiftMine (Taylor's Version)
1205951614,Tears For FearsEverybody Wants To Rule The World
1791000570,J. ColeNo Role Modelz
201660859,LoreenTattoo
248088961,"Taiu, Milo jRara Vez"
90839753,"Sebastian Yatra, Manuel Turizo, Beï¿½ïVAGABUNDO"
607123776,Taylor Swiftaugust
55842345,"Junior H, Peso PlumaLUNA"
211050784,"Calvin Harris, Ellie GouldingMiracle (with Ellie Goulding)"
342897938,Sabrina CarpenterNonsense
2762,"Carin Leon, Grupo FronteraQue Vuelvas"
330346424,Peso PlumaPor las Noches
601863821,FeidFeliz Cumpleaï¿½ï¿½os Fe
1953533826,"Ray Dalton, Ryan Lewis, MacklemoreCan't Hold Us (feat. Ray Dalton)"
2322580122,Harry StylesWatermelon Sugar
2355719893,"Billie Eilish, Khalidlovely - Bonus Track"
66902503,"Rauw Alejandro, BizarrapRauw Alejandro: Bzrp Music Sessions, Vol. 56"
96273746,(G)I-DLEQueencard
430977451,NewJeansOMG
284819874,Lana Del ReyRadio
721975598,"Shakira, BizarrapShakira: Bzrp Music Sessions, Vol. 53"
1217120710,Arctic Monkeys505
109276132,"Swae Lee, A Boogie Wit da Hoodie, Metro Boomin, NAVCalling (Spider-Man: Across the Spider-Verse) (Metro Boomin & Swae Lee, NAV, feat. A Boogie Wit da Hoodie)"
276259178,"Travis Scott, Young Thug, Metro BoominTrance (with Travis Scott & Young Thug)"
54225632,"Sachin-Jigar, Shadab Faridi, Altamash Faridi, Amitabh Bhattacharya, Varun JainTere Vaaste (From ""Zara Hatke Zara Bachke"")"
2559529074,Ed SheeranPerfect
681583126,d4vdRomantic Homicide
2594040133,Imagine DragonsBeliever
81102253,"Veigh, Bvga Beatz, Supernova Ent, Prod MalaxNovo Balanï¿½"
11956641,"Mc Pedrinho, DJ 900Gol Bolinha, Gol Quadrado 2"
1687664027,EminemWithout Me
11599388,"Sog, Ryan Castro, Peso PlumaQUEMA"
611700552,"The Weeknd, Lana Del ReyStargirl Interlude"
1133865788,"Bomba Estï¿½ï¿½reo, Bad BOjitos Lindos"
1089402494,KeaneSomewhere Only We Know
411747614,New WestThose Eyes
255932395,Chino PacasEl Gordo Trae El Mando
31873544,Natanael CanoMi Bello Angel
95053634,Peso PlumaBye
1279434863,"Don Omar, LucenzoDanza Kuduro"
233801632,"Ana Castela, AgroPlayNosso Quadro"
1481349984,Bruno MarsLocked Out Of Heaven
142095275,"Big One, FMK, Ke personajesUn Finde | CROSSOVER #2"
618885532,"Drake, 21 SavageJimmy Cooks (feat. 21 Savage)"
2011464183,OneRepublicCounting Stars
1167330737,Justin BieberGhost
929964809,Chris BrownUnder The Influence
436027885,"Natanael Cano, Peso PlumaPRC"
657723613,Daddy YankeeGasolina
2713922350,"Drake, WizKid, KylaOne Dance"
621660989,Taylor SwiftEnchanted
1591223784,The WeekndSave Your Tears
950906471,MiguelSure Thing
1593270737,The PoliceEvery Breath You Take - Remastered 2003
1410088830,Lord HuronThe Night We Met
1235005533,"Rihanna, Calvin HarrisWe Found Love"
1661187319,Bruno MarsWhen I Was Your Man
1374581173,Alec BenjaminLet Me Down Slowly
94186466,"A$AP Rocky, Metro Boomin, RoiseeAm I Dreaming (Metro Boomin & A$AP Rocky, Roisee)"
1788326445,Arctic MonkeysDo I Wanna Know?
1840364617,Imagine DragonsDemons
143573775,YOASOBIýýýýýýýýýýýý
684675814,The WeekndReminder
1113838873,Taylor SwiftShake It Off
1267333350,Arctic MonkeysWhy'd You Only Call Me When You're High?
3562543890,Ed SheeranShape of You
1131090940,One DirectionNight Changes
307370144,"Oscar Maydon, Junior HFin de Semana"
1271293243,RadioheadCreep
265882712,James ArthurCar's Outside
841749534,Cigarettes After SexApocalypse
47956378,ShubhCheques
806397070,Frank OceanPink + White
2132335812,Post MaloneCircles
1641426668,Bruno MarsJust The Way You Are
2135158446,HozierTake Me To Church
367316268,"Fuerza Regida, Grupo FronteraBebe Dame"
350381515,Taylor SwiftYou Belong With Me (Taylorï¿½ï¿½ï¿½s Ve
1264310836,Bad BunnyTiti Me Preguntï¿
30343206,Taylor SwiftBetter Than Revenge (Taylor's Version)
405136812,Hotel UglyShut up My Moms Calling
1145727611,Creedence Clearwater RevivalHave You Ever Seen The Rain?
540654286,Plan BEs un Secreto
57312735,"Feid, Mora, Saiko, QuevedoPOLARIS - Remix"
397582059,NewJeansDitto
1479115056,a-haTake On Me
86773632,"Swae Lee, Lil Wayne, Offset, Metro BoominAnnihilate (Spider-Man: Across the Spider-Verse) (Metro Boomin & Swae Lee, Lil Wayne, Offset)"
133753727,"Kodak Black, NLE Choppa, Muni Long, JVKE, JiminAngel Pt 1 (feat. Jimin of BTS, JVKE & Muni Long)"
123124076,ShakiraAcrï¿½ï¿½s
463564958,"Natanael Cano, Gabito Ballesteros, Peso PlumaAMG"
64533040,"Arijit Singh, Sachin-Jigar, Amitabha BhattacharyaPhir Aur Kya Chahiye (From ""Zara Hatke Zara Bachke"")"
65496046,Stray KidsS-Class
68616963,Taylor SwiftHits Different
161460990,"Becky G, Peso PlumaChanel"
70106975,"Metro Boomin, Coi LeraySelf Love (Spider-Man: Across the Spider-Verse) (Metro Boomin & Coi Leray)"
113509496,"Kaliii, KaliiiArea Codes"
89933133,"Junior H, Eden Muï¿½ïAbcdario"
71007139,"Abhijay Sharma, Riar SaabObsessed"
43522589,"Semicenk, Doï¿½ï¿½u Piï¿½ï¿½man Deï¿"
232896922,JISOOFLOWER
37126685,"Future, Lil Uzi Vert, Metro BoominAll The Way Live (Spider-Man: Across the Spider-Verse) (Metro Boomin & Future, Lil Uzi Vert)"
195576623,Ed SheeranEyes Closed
532336353,"RAYE, 070 ShakeEscapism."
538115192,"Arcangel, Bad BunnyLa Jumpa"
46142772,"Taylor Swift, Ice SpiceKarma (feat. Ice Spice)"
401036314,"Future, Chris Brown, Metro BoominSuperhero (Heroes & Villains) [with Future & Chris Brown]"
127026613,"BLESSD, Peso PlumaLas Morras"
345031710,FeidCHORRITO PA LAS ANIMAS
288101651,"Fuerza Regida, Natanael CanoCh y la Pizza"
60350538,"Lana Del Rey, Taylor SwiftSnow On The Beach (feat. More Lana Del Rey)"
335074782,Coi LerayPlayers
76767396,ENHYPENBite Me
46065667,"Lil Durk, Morgan WallenStand By Me (feat. Morgan Wallen)"
459276435,FeidNormal
39666245,"James Blake, Metro BoominHummingbird (Metro Boomin & James Blake)"
138517666,"Israel & Rodolffo, Mari FernandezSeu Brilho Sumiu - Ao Vivo"
822633917,Steve LacyBad Habit
595900742,Beyoncï¿CUFF IT
51985779,"Halsey, SugaLilith (feat. SUGA of BTS) (Diablo IV Anthem)"
57945987,"Nicky Jam, Feid69"
115010040,"Sean Paul, FeidNiï¿½ï¿½a Bo"
175097833,DrakeSearch & Rescue
57089066,"Kendrick Lamar, Beyoncï¿AMERICA HAS A PROBLEM (feat. Kendrick Lamar)"
488386797,Taylor SwiftLavender Haze
32761689,"WizKid, Toian, Metro Boomin, Don Toliver, BeamLink Up (Metro Boomin & Don Toliver, Wizkid feat. BEAM & Toian) - Spider-Verse Remix (Spider-Man: Across the Spider-Verse )"
1047480053,Bad BunnyEfecto
153454328,Simone MendesErro Gostoso - Ao Vivo
217672943,TiniCupido
457184829,Lil Uzi VertJust Wanna Rock
939844851,SiaUnstoppable
726434358,Stephen SanchezUntil I Found You
573633020,"Drake, 21 SavageRich Flex"
1406111294,AdeleEasy On Me
71573339,"MC Caverinha, KayBlackCartï¿½ï¿½o B"
24975653,"Offset, JIDDanger (Spider) (Offset & JID)"
145458418,Zï¿½ï¿½ Neto & CristOi Balde - Ao Vivo
1424589568,EminemThe Real Slim Shady
231332117,"Migrantes, LiL CaKe, Nico ValdiMERCHO"
415932686,Tory LanezThe Color Violet
988515741,JojiGlimpse of Us
50847624,"Mambo Kingz, DJ Luian, Anuel AaMejor Que Yo"
39893489,Ed SheeranCurtains
92035115,"Nile Rodgers, LE SSERAFIMUNFORGIVEN (feat. Nile Rodgers)"
118810253,Agust DHaegeum
77233241,"Rich The Kid, Matuï¿Conexï¿½ï¿½es de Mï¿½ï¿½fia (feat. Rich"
206399629,Karol GMIENTRAS ME CURO DEL CORA
117747907,LabrinthNever Felt So Alone
266624541,"Karol G, Romeo SantosX SI VOLVEMOS"
293186992,Lizzy McAlpineceilings
139681964,Fifty FiftyCupid
123132751,IVEI AM
103762518,sped up 8282Cupid ï¿½ï¿½ï¿½ Twin Ver. (FIFTY FIFTY) ï¿½ï¿½ï¿½ Spe
162887075,"Cartel De Santa, La KellyShorty Party"
91221625,SEVENTEENSuper
190490915,NLE ChoppaSlut Me Out
96180277,"The Weeknd, FutureDouble Fantasy (with Future)"
185240616,Taylor SwiftAll Of The Girls You Loved Before
885093467,Karol GPROVENZA
104992946,"Nicki Minaj, Ice SpicePrincess Diana (with Nicki Minaj)"
147290338,"Grupo Marca Registrada, Grupo FronteraDi Que Si"
1302184087,Ed SheeranShivers
158950978,"Fuerza Regida, Peso PlumaIgualito a Mi Apï¿"
76910644,"TAEYANG, LisaShoong! (feat. LISA of BLACKPINK)"
137123880,Raim LaodeKomang
782369383,ROSALï¿½DESPECHï¿
502574952,Meghan TrainorMade You Look
207033255,"sped up nightcore, ARIZONATEARS, Lil Uzi VertWatch This - ARIZONATEARS Pluggnb Remix"
404887295,Grupo FronteraNo Se Va
381161027,QuevedoPunto G
466231982,TV GirlLovers Rock
357580552,INTERWORLDMETAMORPHOSIS
61105704,"Quevedo, JhaycoMami Chula"
198275403,"El Chachito, Junior HEn Paris"
168448603,JiminSet Me Free Pt.2
705469769,"The Weeknd, GesaffelsteinI Was Never There"
34502215,"RM, ColdeDon't ever say love me (feat. RM of BTS)"
482175240,BLACKPINKShut Down
304118600,"Nengo Flow, Bad BunnyGato de Noche"
1449799467,The WeekndCall Out My Name
173627354,JiminLike Crazy (English Version)
90025258,"Jasiel Nuï¿½ï¿½ez, Peso PRosa Pastel"
652704649,"Nicky Youre, DazySunroof"
1829992958,EminemLose Yourself - Soundtrack Version
655466831,"Eminem, Dina RaeSuperman"
146409671,"Mambo Kingz, DJ Luian, Anuel AaMas Rica Que Ayer"
95816024,"IU, Agust DPeople Pt.2 (feat. IU)"
117206995,FeidREMIX EXCLUSIVO
100409613,"Arcangel, BizarrapArcï¿½ï¿½ngel: Bzrp Music Sessions, Vol"
80758350,"Tyler, The CreatorDOGTOOTH"
58473276,"Tyler, The CreatorSORRY NOT SORRY"
52722996,NFHAPPY
191945597,Yng LvcasLa Bebe
77377503,"Kanii, PR1ISVXI Know - PR1SVX Edit"
743693613,Harry StylesLate Night Talking
267789608,Marï¿½ï¿½lia MendoLeï¿½
1221813483,"Ariana Grande, The WeekndSave Your Tears (with Ariana Grande) (Remix)"
449701773,Zach BryanSomething in the Orange
67070410,Melanie MartinezVOID
116334601,"Fuerza Regida, Chino PacasDijeron Que No La Iba Lograr"
433356509,Taylor SwiftMidnight Rain
165584767,Mae StephensIf We Ever Broke Up
367814306,Morgan WallenYou Proof
477033549,"Feid, MoraLA INOCENTE"
156214700,Kenia OSMalas Decisiones
448843705,KordhellMurder In My Mind
1357608774,"Coolio, L.V.Gangsta's Paradise"
294352144,"Karol G, Ovy On The DrumsCAIRO"
972164968,The WaltersI Love You So
920045682,Steve LacyDark Red
2420461338,James ArthurSay You Won't Let Go
1947371785,The WeekndThe Hills
244658767,Mac DeMarcoHeart To Heart
68216992,Jack BlackPeaches (from The Super Mario Bros. Movie)
223582566,"Duki, NICKI NICOLE, Cris Mj, Standly, Stars Music ChileMarisola - Remix"
471819764,"Brray, Rauw Alejandro, LyannoLOKERA"
272377463,SZALow
1361425037,Linkin ParkNumb
149778242,"Gorillaz, Bad BunnyTormenta (feat. Bad Bunny)"
116599790,"j-hope, J. Coleon the street (with J. Cole)"
148469433,Morgan WallenOne Thing At A Time
497225336,"Robin Schulz, Oliver TreeMiss You"
88791109,Morgan WallenAinï¿½ï¿½ï¿½t Tha
125917280,Morgan WallenThinkinï¿½ï¿½ï¿½ B
105062254,"Don Toliver, Future, Justin BieberPrivate Landing (feat. Justin Bieber & Future)"
95623148,Morgan WallenEverything I Love
144584800,Niall HoranHeaven
298063749,Central CeeLET GO
166570053,MahaliniSial
83021468,Morgan WallenI Wrote The Book
139836056,"Arijit Singh, Sachin-JigarApna Bana Le (From ""Bhediya"")"
303216294,ThxSoMchSPIT IN MY FACE!
221409663,"Myke Towers, QuevedoPLAYA DEL INGLï¿½"
58890931,"Morgan Wallen, Eric ChurchMan Made A Bar (feat. Eric Church)"
81419389,Nicki MinajRed Ruby Da Sleeze
156777415,Kaifi KhalilKahani Suno 2.0
284908316,SZANobody Gets Me
93438910,"Karol G, QuevedoPERO Tï¿"
363472647,NewJeansHype Boy
372476382,Lady GagaBloody Mary
380726517,"Ozuna, ShakiraMonotonï¿½"
56533272,Morgan Wallenýýý98 Braves
175399345,QuevedoWANDA
203221468,Morgan WallenThought You Should Know
1624165576,Linkin ParkIn The End
134294498,Leo SantanaZona De Perigo
70069745,TreyceLovezinho
609293408,"Post Malone, Doja CatI Like You (A Happier Song) (with Doja Cat)"
671365962,Bad BunnyNeverita
362361576,QuevedoVista Al Mar
93587665,"MC Xenon, Os Gemeos da PutariaSem Alianï¿½ï¿½a no"
1223481149,"Imagine Dragons, League of Legends, JID, ArcaneEnemy (with JID) - from the series Arcane League of Legends"
1022258230,XXXTENTACIONRevenge
263453310,"Israel & Rodolffo, Ana CastelaBombonzinho - Ao Vivo"
1435127549,"J Balvin, Bad BunnyLA CANCIï¿½"
236857112,"Yuridia, Angela AguilarQuï¿½ï¿½ Ago"
147538971,The Kid LaroiLove Again
698086140,The WeekndAfter Hours
723894473,LizzoAbout Damn Time
34450974,Morgan WallenBorn With A Beer In My Hand
403097450,Fujii Kazeýýýýýýýýýýýýýýýýýýýýý
309483971,"Wisin & Yandel, ROSALï¿½Besos Moja2"
319566866,KingMaan Meri Jaan
909001996,Bad BunnyMoscow Mule
1061966512,"Coldplay, BTSMy Universe"
32526947,Morgan WallenDevil Donï¿½ï¿½ï¿½
124988687,ROSALï¿½LLYLM
103787664,"Sam Smith, Calvin Harris, Jessie ReyezI'm Not Here To Make Friends"
134255790,P!nkTRUSTFALL
301051721,LE SSERAFIMANTIFRAGILE
156338624,PinkPantheressBoy's a liar
152850295,"TAEYANG, JiminVIBE (feat. Jimin of BTS)"
309653982,SZAShirt
297328960,RihannaLift Me Up - From Black Panther: Wakanda Forever - Music From and Inspired By
332506354,Lil Nas XSTAR WALKIN' (League of Legends Worlds Anthem)
480507035,"Beach WeatherSex, Drugs, Etc."
1065580332,"Halsey, BTSBoy With Luv (feat. Halsey)"
122763672,"Baby TateHey, Mickey!"
445763624,Rï¿½ïCalm Down
1365184,"Arijit Singh, Vishal Dadlani, Sukriti Kakar, Vishal-Shekhar, Shekhar Ravjiani, KumaarJhoome Jo Pathaan"
184308753,"RAYE, 070 ShakeEscapism. - Sped Up"
789753877,Beach HouseSpace Song
323358833,"BTS, Jung Kook, FIFA SoundDreamers [Music from the FIFA World Cup Qatar 2022 Official Soundtrack]"
606361689,"Shakira, Rauw AlejandroTe Felicito"
120972253,"Steve Aoki, Tini, La JoaquiMuï¿½ï¿½"
338564981,Billie EilishTV
1606986953,Sam SmithI'm Not The Only One
1301799902,Conan GrayHeather
140187018,"Vishal-Shekhar, Shilpa Rao, Caralisa Monteiro, Kumaar, Vishal Dadlani, Shekhar RavjianiBesharam Rang (From ""Pathaan"")"
1897517891,"Calvin Harris, Dua LipaOne Kiss (with Dua Lipa)"
107642809,TOMORROW X TOGETHERSugar Rush Ride
551305895,BLACKPINKPink Venom
556585270,"Drake, Future, TemsWAIT FOR U (feat. Drake & Tems)"
2303033973,Dua LipaDon't Start Now
646886885,Mr.KittyAfter Dark
222612678,"Gustavo Mioto, Mari FernandezEu Gosto Assim - Ao Vivo"
1814349763,"Jack Harlow, Lil Nas XINDUSTRY BABY (feat. Jack Harlow)"
872137015,Elley Duhï¿MIDDLE OF THE NIGHT
571386359,SeafretAtlantis
304079786,"Baby Rasta, Rauw AlejandroPUNTO 40"
174006928,"DJ Escobar, MC MENOR SG, MC MENOR HREvoque Prata"
284785823,Dean LewisHow Do I Say Goodbye
163284000,SZABlind
246390068,JojiDie For You
482257456,Central CeeDoja
168684524,BellakathGatita
78489819,"Skrillex, Flowdan, Fred again..Rumble"
195516622,"Travis Scott, 21 Savage, Metro BoominNiagara Falls (Foot or 2) [with Travis Scott & 21 Savage]"
1260594497,Bad BunnyYonaguni
428685680,Nicki MinajSuper Freaky Girl
1024858327,Kate BushRunning Up That Hill (A Deal With God)
838586769,AerosmithDream On
199386237,Freddie DreddLimbo
972509632,"Lost Frequencies, Calum ScottWhere Are You Now"
213438580,"Twisted, Oliver TreeWORTH NOTHING"
1555511105,Ed SheeranBad Habits
210038833,Kenshi YonezuKICK BACK
227918678,Omar ApolloEvergreen (You Didnï¿½ï¿½ï¿½t Deserve Me A
826623384,SZAGood Days
1802514301,"Dua Lipa, DaBabyLevitating (feat. DaBaby)"
1329090101,Doja CatWoman
181831132,Hotel UglyShut up My Moms Calling - (Sped Up)
462791599,"James Hype, Miggy Dela RosaFerrari"
348647203,"Taylor SwiftYou're On Your Own, Kid"
366599607,"Pritam, Arijit Singh, Amitabh BhattacharyaKesariya (From ""Brahmastra"")"
90598517,"Styrx, utku INC, ThezthAgudo Mï¿½ï¿½gi"
1479264469,"Maroon 5, Wiz KhalifaPayphone"
1449779435,Mariah CareyAll I Want for Christmas Is You
1159176109,Wham!Last Christmas
769213520,Brenda LeeRockin' Around The Christmas Tree
741301563,Bobby HelmsJingle Bell Rock
807561936,Michael Bublï¿It's Beginning To Look A Lot Like Christmas
834129063,Ariana GrandeSanta Tell Me
663832097,Andy WilliamsIt's the Most Wonderful Time of the Year
446390129,Dean MartinLet It Snow! Let It Snow! Let It Snow!
690104769,SiaSnowman
485285717,Kelly ClarksonUnderneath the Tree
520034544,Josï¿½ï¿½ FelicFeliz Navidad
476244795,Michael Bublï¿Holly Jolly Christmas
629173063,Justin BieberMistletoe
404664135,The RonettesSleigh Ride
98709329,SZASeek & Destroy
110849052,SZALove Language
460492795,"John Lennon, The Harlem Community Choir, The Plastic Ono Band, Yoko OnoHappy Xmas (War Is Over)"
94005786,"SZA, Don ToliverUsed (feat. Don Toliver)"
395591396,Burl IvesA Holly Jolly Christmas - Single Version
389771964,Nat King ColeThe Christmas Song (Merry Christmas To You) - Remastered 1999
403939487,Paul McCartneyWonderful Christmastime - Edited Version / Remastered 2011
481697415,Band AidDo They Know It's Christmas? - 1984 Version
110073250,"SZA, Phoebe BridgersGhost in the Machine (feat. Phoebe Bridgers)"
88092256,SZASpecial
351636786,Shakin' StevensMerry Christmas Everyone
473248298,"Frank Sinatra, B. Swanson QuartetLet It Snow! Let It Snow! Let It Snow!"
73981293,SZASOS
155653938,"SZA, Travis ScottOpen Arms (feat. Travis Scott)"
395591396,"Bing Crosby, John Scott Trotter & His Orchestra, Ken Darby SingersWhite Christmas"
429504768,Chris ReaDriving Home for Christmas - 2019 Remaster
242767149,Darlene LoveChristmas (Baby Please Come Home)
65362788,SZAGone Girl
67540165,SZAF2F
62019074,SZANotice Me
135723538,"Ed Sheeran, Elton JohnMerry Christmas"
295998468,"Perry Como, The Fontane Sisters, Mitchell Ayres & His OrchestraIt's Beginning to Look a Lot Like Christmas (with Mitchell Ayres & His Orchestra)"
261116938,Britney SpearsMy Only Wish (This Year)
136689549,"Mabel Matiz, Mert DemirAntidepresan"
135611421,RMWild Flower (with youjeen)
356709897,SZAI Hate U
110649992,"Travis Scott, Metro BoominRaindrops (Insane) [with Travis Scott]"
127027715,Nat King ColeDeck The Hall - Remastered 1999
57144458,SZASmoking on my Ex Pack
56870689,SZAConceited
323437194,"Taylor Swift, Lana Del ReySnow On The Beach (feat. Lana Del Rey)"
317726339,Taylor SwiftMaroon
116144341,"Dj LK da Escï¿½ï¿½cia, Tchakabum, mc jhenny, MTubarï¿½ï¿½o Te"
328207708,Taylor SwiftBejeweled
608228647,"Bad Bunny, Jhay CortezTarot"
180577478,"Gwen Stefani, Blake SheltonYou Make It Feel Like Christmas (feat. Blake Shelton)"
809306935,"Chencho Corleone, Rauw AlejandroDesesperados"
49262961,SZAToo Late
614555082,"Bad Bunny, Rauw AlejandroParty"
245350949,Chuck BerryRun Rudolph Run - Single Version
178660459,Frank SinatraJingle Bells - Remastered 1999
51641685,SZAFar
78139948,"John Legend, Metro BoominOn Time (with John Legend)"
322336177,"Maldy, Karol GGATï¿½ï¿½"
1007612429,Gayleýýýabcdefu
326792833,The WeekndSacrifice
391251368,The WeekndIs There Someone Else?
349585590,"Lauren Spencer Smith, Lauren Spencer Smith, Lauren Spencer SmithFingers Crossed"
339659802,The WeekndOut of Time
674772936,"Cherish, ACRAZEDo It To It"
432719968,"Adassa, Mauro Castillo, Stephanie Beatriz, Encanto - Cast, Rhenzy Feliz, Diane Guerrero, Carolina GaitanWe Don't Talk About Bruno"
1309887447,FarrukoPepas
119238316,The WeekndHow Do I Make You Love Me?
116903579,The WeekndGasoline
888046992,Jaymes YoungInfinity
200660871,The WeekndLess Than Zero
1887039593,Olivia Rodrigogood 4 u
88103848,"The Weeknd, Tyler, The CreatorHere We Goï¿½ï¿½ï¿½ Again (feat. Tyler, the Cr"
101114984,The WeekndBest Friends
1575467011,"SZA, Doja CatKiss Me More (feat. SZA)"
91656026,"The Weeknd, Lil WayneI Heard You're Married (feat. Lil Wayne)"
1042568408,Doja CatNeed To Know
1735441776,Lil Nas XMONTERO (Call Me By Your Name)
726837877,Ckaylove nwantiti (ah ah ah)
53933526,The WeekndDawn FM
267758538,Jessica DarrowSurface Pressure
74601456,The WeekndStarry Eyes
920797189,Lil Nas XTHATS WHAT I WANT
539595276,"The Weeknd, Post MaloneOne Right Now (with The Weeknd)"
1367810478,Mï¿½ï¿½neBeggin
578207856,"Aitana, zzoiloMon Amour - Remix"
775542072,"Julieta Venegas, Bad Bunny, TainyLo Siento BB:/ (with Bad Bunny & Julieta Venegas)"
863625566,LisaMONEY
656013912,"Tiï¿½ï¿½sto, AvaThe Motto"
1056760045,Billie EilishHappier Than Ever
611994237,"The Weeknd, Swedish House MafiaMoth To A Flame (with The Weeknd)"
1230855859,"Juan Cruz Toledo, Huilen Toledotraitor"
582981380,BoyWithUkeToxic
1858144199,Olivia Rodrigodrivers license
240684449,"Xamï¿½ï¿½, Gustah, Neo BMalvadï¿½ï¿"
583687007,Taylor SwiftAll Too Well (10 Minute Version) (Taylor's Version) (From The Vault)
63803529,The WeekndDonï¿½ï¿½ï¿½t Break My
466214729,AdeleOh My God
236940480,"Lit Killah, Maria Becerra, Tiago pzk, NICKI NICOLEEntre Nosotros (Remix) [con Nicki Nicole]"
41924466,The WeekndA Tale By Quincy
225259194,Emmy MeliI AM WOMAN
393230256,"Justin Quiles, Lenny Tavï¿½ï¿½rez, BLMedallo"
287201015,Shawn MendesIt'll Be Okay
599770206,The NeighbourhoodSoftcore
342779426,Kodak BlackSuper Gremlin
673801126,"Aventura, Bad BunnyVolvï¿"
1168642797,Rauw AlejandroTodo De Ti
540539717,"Ckay, AX'EL, Dj Yo!Love Nwantiti - Remix"
383550148,"Bruno Mars, Anderson .Paak, Silk SonicSmokin Out The Window"
530511203,"THE ANXIETY, Willow, Tyler ColeMeet Me At Our Spot"
37307967,The WeekndEvery Angel is Terrifying
510876816,Sebastian YatraTacones Rojos
1445941661,"Justin Bieber, Daniel Caesar, GiveonPeaches (feat. Daniel Caesar & Giveon)"
1763363713,"Bad Bunny, Jhay CortezDakiti"
374191487,"Bizarrap, Tiago pzkTiago PZK: Bzrp Music Sessions, Vol. 48"
108809090,StromaeLï¿½ï¿½ï¿
436695353,"Chris Brown, Rvssian, Rauw AlejandroNostï¿½ï¿½l"
421040617,"NEIKED, Mae Muller, Polo GBetter Days (NEIKED x Mae Muller x Polo G)"
501541661,Oliver TreeLife Goes On
354065229,"Kali Uchis, Amaarae, MoliySad Girlz Luv Money Remix (feat. Kali Uchis)"
1143647827,BTSButter
311395144,"Young Thug, Future, Gunnapushin P (feat. Young Thug)"
672656250,"Doja Cat, The WeekndYou Right"
1256880657,Olivia Rodrigodeja vu
1692897992,BTSDynamite
245095641,Jnr ChoiTO THE MOON
686734357,"The Weeknd, GesaffelsteinLost in the Fire"
261414174,"Trueno, Tiago pzkSalimo de Noche"
610045621,"Sech, Bad Bunny, MoraVolando - Remix"
1115880852,"Bruno Mars, Anderson .Paak, Silk SonicLeave The Door Open"
594482982,"Drake, Project Pat, 21 SavageKnife Talk (with 21 Savage ft. Project Pat)"
566954746,"Tiï¿½ï¿½sto, KarDon't Be Shy"
374706940,"The Weeknd, ROSALï¿½LA FAMA (with The Weeknd)"
184937148,"Olga Merediz, Stephanie Beatriz, Encanto - CastThe Family Madrigal"
31959571,The WeekndPhantom Regret by Jim
167076418,Sebastian YatraDos Oruguitas
824420218,Surf CurseFreaks
363467642,Jason DeruloAcapulco
1127468248,The NeighbourhoodDaddy Issues
60680939,"21 Savage, Gunnathought i was playing"
247737946,IVEELEVEN
154797871,"Stephanie Beatriz, Diane GuerreroWhat Else Can I Do?"
198883004,TruenoDANCE CRIP
124407432,David KushnerMiserable Man
850608354,Olivia Rodrigohappier
376333030,Kanye WestPraise God
516784627,Doja CatGet Into It (Yuh)
1608045237,Lewis CapaldiBefore You Go
506778838,Playboi CartiSky
1472799873,AdeleRolling in the Deep
513643924,MalumaSobrio
261286503,"Ed Sheeran, Fireboy DMLPeru"
783706581,Olivia Rodrigofavorite crime
422691058,"Prezioso, Gabry Ponte, LUM!XThunder"
1062345656,Tiï¿½ï¿The Business
1252563873,Ariana Grandepositions
851070493,Mï¿½ï¿½neI WANNA BE YOUR SLAVE
263894529,"Marï¿½ï¿½lia Mendonï¿½ï¿½a, George Henrique &Vai Lï¿½ï¿½ Em Casa"
345903614,TWICEThe Feels
951637566,GiveonHEARTBREAK ANNIVERSARY
956865266,"Sean Paul, Dua LipaNo Lie"
427486004,"Charli XCX, Jax Jones, Joel Corry, SaweetieOUT OUT (feat. Charli XCX & Saweetie)"
156658366,SALESPope Is a Rockstar
624515457,Sleepy hallow2055
777765388,Billie EilishBored
412795151,Billie EilishHappier Than Ever - Edit
1138474110,Masked WolfAstronaut In The Ocean
355219175,"Anuel Aa, Jhay CortezLey Seca"
290228626,NIKIEvery Summertime
1062956628,Bruno MarsTalking To The Moon
1180094974,Tate McRaeyou broke me first
1456081449,AviciiThe Nights
432702334,The WeekndTake My Breath
489945871,"Drake, Future, Young ThugWay 2 Sexy (with Future & Young Thug)"
465959382,Rauw AlejandroCï¿½ï¿½
1223481149,"Imagine Dragons, League of Legends, ArcaneEnemy - from the series Arcane League of Legends"
2864791672,Tones and IDance Monkey
2288695111,Juice WRLDLucid Dreams
720825549,"J Balvin, Maria BecerraQuï¿½ï¿½ Mï¿½ï¿"
2086124197,John LegendAll of Me
1690192927,NirvanaSmells Like Teen Spirit - Remastered 2021
991336132,Duncan LaurenceArcade
593917618,"Drake, Travis ScottFair Trade (with Travis Scott)"
200972675,"Tini, L-GanteBar"
71014967,SiMThe Rumbling (TV Size)
560222750,"Kendrick Lamar, Baby Keemfamily ties (with Kendrick Lamar)"
1806617704,The KillersMr. Brightside
77337771,ENHYPENBlessed-Cursed
528544703,"J Balvin, Nio Garcia, Bad BunnyAM Remix"
865640097,Doja CatStreets
2159346687,"Lady Gaga, Bradley CooperShallow"
211372494,ENHYPENPolaroid Love
651732901,"Marshmello, Jonas BrothersLeave Before You Love Me (with Jonas Brothers)"
608334048,BTSPermission to Dance
863756573,"Riton, Nightcrawlers, Mufasa & Hypeman, DopamineFriday (feat. Mufasa & Hypeman) - Dopamine Re-Edit"
797402345,Polo GRAPSTAR
1695712020,"Eminem, Nate Dogg'Till I Collapse"
1759567999,Maroon 5Memories
223319934,"Arcangel, De La Ghetto, Justin Quiles, Lenny Tavï¿½ï¿½rez, Sech, Dalex, Dimelo Flow, Rich MusicSe Le Ve"
54937991,"Gunna, Lil Baby25k jacket (feat. Lil Baby)"
226897599,"Katy Perry, AlessoWhen Iï¿½ï¿½ï¿½m Gone (with Katy"
258316038,"Marï¿½ï¿½lia Mendonï¿½ï¿½a, Maiara &Esqueï¿½ï¿½a-Me Se For C"
596152090,"Tini, Maria BecerraMiï¿½ï¿½n"
177129919,"Anuel Aa, Myke Towers, Jhay CortezSï¿½ï¿½"
716591492,"Karol G, Becky GMAMIII"
1210599487,"Dr. Dre, Snoop DoggStill D.R.E."
246376690,Jung KookStay Alive (Prod. SUGA of BTS)
496311364,Dove CameronBoyfriend
146789379,"Ed Sheeran, Taylor SwiftThe Joker And The Queen (feat. Taylor Swift)"
843309044,"Dr. Dre, Snoop DoggThe Next Episode"
500340342,Charlie PuthLight Switch
107255472,"Kanye West, Alicia Keys, Fivio ForeignCity of Gods"
135079152,"Mahmood, BlancoBrividi"
822239726,Frank OceanLost
1202722675,50 CentIn Da Club
343197054,Tate McRaeshe's all i wanna be
240769997,Yung LeanGinseng Strip 2002
426204830,"Labrinth, ZendayaAll For Us - from the HBO Original Series Euphoria"
421135627,The Rare OccasionsNotion
554875730,LabrinthFormula
467727006,LabrinthMount Everest
327498031,"Intense, AP Dhillon, Gurinder GillExcuses"
185408548,Juice WRLDCigarettes
245400167,"Quevedo, La Pantera, Juseph, Cruz Cafunï¿½ï¿½, Bï¿½ï¿½jo, Abhir HathiCayï¿½ï¿½ La Noche (feat. Cruz Cafunï¿½ï¿½, Abhir Hathi, Bejo, EL IMA)"
579395142,"Dr. Dre, 2Pac, RogerCalifornia Love - Original Version (Explicit)"
675039469,"Eminem, Dr. DreForgot About Dre"
252871192,"Luude, Colin HayDown Under (feat. Colin Hay)"
231996128,Ryan CastroMujeriego
1929770265,Kendrick LamarHUMBLE.
918915401,"Eminem, DidoStan"
1180896317,"GODZZ__-, ZakariaContection"
498960285,Chase AtlanticSwim
685071800,Bad BunnyA Tu Merced
258714692,Em BeiholdNumb Little Bug
143139338,"Mainstreet, Chefin212"
209768491,"Alvaro Diaz, Rauw AlejandroProblemï¿½"
64714573,"Nicki Minaj, Lil BabyBussin"
50746620,FutureWorst Day
154119539,Zï¿½ï¿½ FeMalvada
181328253,Muni LongHrs and Hrs
370068639,VundabarAlien Blues
2280566092,Ed SheeranThinking Out Loud
563902868,LabrinthStill Don't Know My Name
317622165,VChristmas Tree
291709698,"Marï¿½ï¿½lia Mendonï¿½ï¿½a, Hugo & GMal Feito - Ao Vivo"
203680270,LabrinthWhen I R.I.P.
81350745,"Nicki Minaj, Lil BabyDo We Have A Problem?"
282883169,LabrinthForever
64787943,"Eminem, Dr. DreGospel (with Eminem)"
2484812918,"Shawn Mendes, Camila CabelloSeï¿½ï¿½o"
461437791,"Tyler, The CreatorNEW MAGIC WAND"
1439191367,Harry StylesAdore You
759208783,"Daddy Yankee, Bad BunnyLa Santa"
368646862,NirvanaSomething In The Way - Remastered 2021
299634472,"Dua Lipa, Megan Thee StallionSweetest Pie"
756907987,"Camila Cabello, Ed SheeranBam Bam (feat. Ed Sheeran)"
682475162,Cris MjUna Noche en Medellï¿½
546191065,AnittaEnvolver
229473310,DaveStarlight
202677468,TulusHati-Hati di Jalan
121913181,"LabrinthI'm Tired - From ""Euphoria"" An Original HBO Series"
208166039,"Mc Pedrinho, Pedro SampaioDANï¿½ï¿½A"
527033089,Zion & LennoxYo Voy (feat. Daddy Yankee)
94616487,"Residente, BizarrapResidente: Bzrp Music Sessions, Vol. 49"
394030335,Ryan CastroJordan
193443895,Jack HarlowNail Tech
299648208,Eden Muï¿½ïChale
182978249,TreasureDARARI
319757142,Christian NodalYa No Somos Ni Seremos
109091573,"Kevin Gates, Juicy JThinking with My Dick"
153240879,"Tyga, Doja CatFreaky Deaky"
346127840,JVKEthis is what falling in love feels like
312622938,Bad BunnyLa Zona
2197010679,QueenBohemian Rhapsody - Remastered 2011
1200808494,XXXTENTACIONHope
797196073,Dua LipaLevitating
1970673297,AviciiWake Me Up - Radio Edit
665765558,"Olivia Rodrigojealousy, jealousy"
263779030,YEATMonï¿½ï¿½y so
339473453,C. TanganaDemasiadas Mujeres
2204080728,"The Chainsmokers, ColdplaySomething Just Like This"
2591224264,"The Chainsmokers, HalseyCloser"
135444283,NMIXXO.O
1457139296,"Gotye, KimbraSomebody That I Used To Know"
236872197,"AnnenMayKantereit, Giant RooksTom's Diner"
694525298,Jack HarlowFirst Class
240661097,Paulo LondraPlan A
421365166,Danny OceanFuera del mercado
349746291,"Daddy Yankee, Bad BunnyX ï¿½ï¿½LTIMA"
255120451,Shawn MendesWhen You're Gone
190981339,Lil TjayIn My Head
924193303,WillowWait a Minute!
305771063,IVELOVE DIVE
273005485,"Feid, Alejo, RobiPantysito"
89566512,Paulo LondraChance
677389855,Demi LovatoCool for the Summer
75476209,"Camila Cabello, Willowpsychofreak (feat. WILLOW)"
408843328,Troye SivanAngel Baby
187772591,"Matuï¿½ï¿½, Wiu, Vampiro"
178512385,"De La Ghetto, Duki, QuevedoSi Quieren Frontear"
101780047,Lil BabyRight On
118381354,"Ak4:20, Cris Mj, PailitaMe Arrepentï¿"
146363130,Charlie PuthThat's Hilarious
126443991,Yahritza Y Su EsenciaSoy El Unico
157990698,Daddy YankeeRUMBATï¿½
176290831,"Luï¿½ï¿½sa Sonza, MC Frog, Dj Gabriel do Borel, Davi KsentaDONA (Remix) s2"
1023187129,Harry StylesFalling
106933107,"Ed Sheeran, J BalvinSigue"
139193812,tetoFim de Semana no Rio
212234990,Stray KidsMANIAC
1714490998,Shawn MendesThere's Nothing Holdin' Me Back
197643795,"Blackbear, BoyWithUkeIDGAF (with blackbear)"
807015863,Harry StylesGolden
933815613,"Pharrell Williams, Nile Rodgers, Daft PunkGet Lucky - Radio Edit"
499710590,Doja CatAin't Shit
120847157,"Jordan Fisher, Josh Levi, Finneas O'Connell, 4*TOWN (From Disney and Pixarï¿½ï¿½ï¿½s Turning Red), Topher Ngo, Grayson VillNobody Like U - From ""Turning Red"""
53909146,BIGBANGStill Life
2236667932,Ed SheeranPhotograph
2123309722,Justin BieberLove Yourself
301242089,Kendrick LamarN95
237351106,"Kendrick Lamar, Blxst, Amanda ReiferDie Hard"
461558540,Bad BunnyDespuï¿½ï¿½s de la P
417230415,Bad BunnyUn Ratito
156898322,Kendrick LamarUnited In Grief
127309180,"Kendrick Lamar, SamphaFather Time (feat. Sampha)"
313113297,Bad BunnyYo No Soy Celoso
173702135,Kendrick LamarRich Spirit
271666301,"Post Malone, Roddy RicchCooped Up (with Roddy Ricch)"
305650299,Bad BunnyMe Fui de Vacaciones
123216717,"Kendrick Lamar, Kodak BlackSilent Hill"
479655659,"Tony Dize, Bad BunnyLa Corriente"
126191104,Kendrick LamarCount Me Out
344055883,"Buscabulla, Bad BunnyAndrea"
338422004,Bad BunnyDos Mil 16
68895644,"Kendrick Lamar, Taylour PaigeWe Cry Together"
86176890,"Kendrick Lamar, Sam Dew, Baby KeemSavior"
403231558,Bad BunnyUn Coco
319546754,"Bad Bunny, The Marï¿½ïOtro Atardecer"
61739839,Kendrick LamarWorldwide Steppers
283359161,Bad BunnyAguacero
76831876,"Kendrick Lamar, Ghostface Killah, Summer WalkerPurple Hearts"
283332261,Bad BunnyUn Verano Sin Ti
307752576,"Polima WestCoast, PailitaULTRA SOLO"
279737940,Bad BunnyEnsï¿½ï¿½ï¿½ï¿½ame
212351890,Bad BunnyEl Apagï¿½
1304313953,"Bad Bunny, TainyCallaita"
150500965,Jack HarlowDua Lipa
246127838,Bad BunnyAgosto
582863434,Panic! At The DiscoHouse Of Memories
58687425,"Kendrick Lamar, Tanna LeoneMr. Morale"
212109195,"PSY, SugaThat That (prod. & feat. SUGA of BTS)"
382199619,Benson BooneIn The Stars
41210087,Kendrick LamarRich - Interlude
231657891,Mï¿½ï¿½neSUPERMODEL
53729194,KALUSHStefania (Kalush Orchestra)
244741137,The Kid LaroiThousand Miles
42485571,Kendrick LamarCrown
37778188,Kendrick LamarAuntie Diaries
254218729,FuturePUFFIN ON ZOOTIEZ
53603447,Kendrick LamarMirror
160035717,LucianoBeautiful Girl
164163229,"Bizarrap, Paulo LondraPaulo Londra: Bzrp Music Sessions, Vol. 23"
37091576,Kendrick LamarSavior - Interlude
284249832,"Shae Gill, Ali SethiPasoori"
33381454,"Kendrick Lamar, Beth GibbonsMother I Sober (feat. Beth Gibbons of Portishead)"
184622518,"Sech, MoraTUS Lï¿½ï¿½GR"
300983101,"MNEK, Jax JonesWhere Did You Go?"
121077868,"Ugly Dray, Tesla JnrI Tried to Tell Y'all"
106919680,"Justin Bieber, Don ToliverHonest (feat. Don Toliver)"
136996305,JessiZOOM
65719930,ChanelSloMo
229497852,LE SSERAFIMFEARLESS
185550869,Leah Kate10 Things I Hate About You
54682594,Sam RyderSPACE MAN
240580042,"HA SUNG WOON, JiminWith you"
1284942608,The Goo Goo DollsIris
71423324,Kendrick LamarThe Heart Part 5
244891912,Kevin KaarlSan Lucas
132171975,Taylor SwiftThis Love (Taylorï¿½ï¿½ï¿½s Ve
184706613,Suki WaterhouseGood Looking
184826429,Lauren Spencer SmithFlowers
302006641,BTSYet To Come
330881149,BTSRun BTS
334733572,Harry StylesMusic For a Sushi Restaurant
366214458,Harry StylesMatilda
114546317,BTSFor Youth
290833204,Harry StylesDaylight
448500832,Doja CatVegas (From the Original Motion Picture Soundtrack ELVIS)
136676504,"Pharrell Williams, Tyler, The Creator, 21 SavageCash In Cash Out"
190625045,"Calvin Harris, Dua Lipa, Young ThugPotion (with Dua Lipa & Young Thug)"
79095270,BTSBorn Singer
273194684,Harry StylesLittle Freak
333146475,"Nengo Flow, Anuel Aa, Chris Jedi, Chencho CorleoneLa Llevo Al Cielo (Ft. ï¿½ï¿½engo F"
194902696,"Kanye West, XXXTENTACIONTrue Love"
311482393,Harry StylesSatellite
195918494,Musical YouthPass The Dutchie
248511839,"Bizarrap, Villano AntillanoVillano Antillano: Bzrp Music Sessions, Vol. 51"
233671263,Harry StylesLove Of My Life
199587884,Harry StylesGrapejuice
91781263,HalseySo Good
383835984,"BYOR, ImanbekBelly Dancer"
236060709,Harry StylesKeep Driving
189236868,Harry StylesCinema
160845341,"Sleepy hallow, 347aidanDie Young (feat. 347aidan)"
588955257,Paloma FaithOnly Love Can Hurt Like This
238350348,Lady GagaHold My Hand
187703102,Harry StylesDaydreaming
295307001,"Marshmello, KhalidNumb"
138334433,"Ozuna, Tiago pzkNos Comemos (feat. Ozuna)"
445590495,Childish GambinoMe and Your Mama
286739476,"David Guetta, Ella Henderson, Becky HillCrazy What Love Can Do"
1122364376,JojiSLOW DANCING IN THE DARK
157136970,DukiAntes de Perderte
137070925,Harry StylesBoyfriends
183273246,Sidhu Moose Wala295
184807630,Keisya LevronkaTak Ingin Usai
164856284,Victor CibrianEn El Radio Un Cochinero
704171068,MetallicaMaster of Puppets (Remastered)
354614964,Beyoncï¿BREAK MY SOUL
279717388,"De La Ghetto, Feid, Polima WestCoast, Paloma Mami, PailitaULTRA SOLO REMIX"
195628667,DrakeMassive
221752937,Yung GravyBetty (Get Money)
263280370,LassoOjos Marrones
213505179,NayeonPOP!
130419412,"Schï¿½ï¿½rze, DJ RLayla"
155795783,j-hopeMORE
1553497987,Guns N' RosesSweet Child O' Mine
293466523,Burna BoyLast Last
711366595,Rosa LinnSNAP
191448892,DrakeSticky
85924992,"Kanye West, Lil Durk, Cardi BHot Shit (feat. Ye & Lil Durk)"
176103902,"L7nnon, DJ Biel do Furduncinho, BiancaAi Preto"
121189256,"Anitta, Tini, Becky GLa Loto"
131746175,Nessa Barrettdie first
244790012,LF SystemAfraid To Feel
129314708,"Mc Vitin Da Igrejinha, MC Tairon, DJ WinBaile no Morro"
331511413,Rels Bcï¿½ï¿½mo dormi
219196651,"Snoop Dogg, BTS, Benny BlancoBad Decisions (with BTS & Snoop Dogg)"
170732845,"Drake, DJ Khaled, Lil BabySTAYING ALIVE (feat. Drake & Lil Baby)"
273914335,Luar La LCaile
179061440,FeidSi Te La Encuentras Por Ahï¿
185236961,DukiGIVENCHY
171788484,Beyoncï¿ALIEN SUPERSTAR
387080183,GhostMary On A Cross
264717480,NewJeansAttention
244928911,Rex Orange CountyTHE SHADE
97610446,"Sofia CarsonCome Back Home - From ""Purple Hearts"""
287278853,"Grupo Marca Registrada, Junior HEl Rescate"
887906111,Kanye WestHeartless
123473120,"Calvin Harris, Halsey, Pharrell Williams, Justin TimberlakeStay With Me (with Justin Timberlake, Halsey, & Pharrell)"
295152154,"Peso Pluma, Luis R ConriquezSiempre Pendientes"
323455692,"Luis R Conriquez, La AdictivaJGL"
240918092,"David Guetta, Shakira, Black Eyed PeasDon't You Worry"
191873381,"Melody, Ana Castela, Dj Chris No BeatPipoco"
284216603,"Elton John, Britney SpearsHold Me Closer"
239411309,Lewis CapaldiForget Me
265548837,IVEAfter LIKE
703301727,Kanye WestBound 2
244585109,"Interplanetary Criminal, Eliza RoseB.O.T.A. (Baddest Of Them All) - Edit"
189476119,TWICETalk that Talk
277132266,Armani WhiteBILLIE EILISH.
278920007,FeidFerxxo 100
222410722,OxladeKU LO SA - A COLORS SHOW
185392587,FeidProhibidox
202452860,Steve LacyStatic
1608164312,ColdplayThe Scientist
624101957,ColdplaySparks
148461629,YEATTalk
47093942,"Yandel, FeidXQ Te Pones Asï¿"
380319238,PnB RockSelfish
209106362,"Ovy On The Drums, QuevedoSin Seï¿½ï"
53987404,FeidLady Mi Amor
115331792,Lil YachtyPoland
225093344,Mï¿½ï¿½neTHE LONELIEST
84697729,"Marshmello, Juice WRLDBye Bye"
159240673,"Fran C, Polima WestCoast, Nickoog Clk, Pablito PesadillaBABY OTAKU"
170709584,(G)I-DLENxde
154356956,SouthstarMiss You
723043854,girl in redwe fell in love in october
247689123,Lizzo2 Be Loved (Am I Ready)
176474912,Ed SheeranCelestial
235549288,BLACKPINKTypa Girl
140430339,"Rosa Walton, Hallie CogginsI Really Want to Stay at Your House"
85559365,Lil BabyCalifornia Breeze
146223492,"Luciano, Aitch, Bï¿½Bamba (feat. Aitch & BIA)"
187701588,"MC Ryan SP, Love Funk, Mc Paiva ZSCasei Com a Putaria"
154863153,"Drake, 21 SavageMajor Distribution"
191333656,"Drake, Travis Scott, 21 SavagePussy & Millions (feat. Travis Scott)"
253650850,Taylor SwiftVigilante Shit
223064273,Taylor SwiftQuestion...?
170413877,"Drake, 21 SavageOn BS"
218320587,Taylor SwiftMastermind
141720999,"Drake, 21 SavageCirco Loco"
187339835,Taylor SwiftLabyrinth
198365537,"Drake, 21 SavageSpin Bout U"
186104310,Taylor SwiftSweet Nothing
177503916,"Taylor SwiftWould've, Could've, Should've"
71095708,"Ludwig Goransson, FoudequshCon La Brisa"
112436403,"Drake, 21 SavagePrivileged Rappers"
203436468,JinThe Astronaut
93367537,DrakeBackOutsideBoyz
106249219,"Drake, 21 SavageBroke Boys"
181382590,Taylor SwiftThe Great War
91473363,Selena GomezMy Mind & Me
121871870,Taylor SwiftBigger Than The Whole Sky
73513683,"Feid, Paulo LondraA Veces (feat. Feid)"
133895612,"Feid, Sech, JhaycoEn La De Ella"
96007391,Burna BoyAlone
